Asset Number,Inspector,Date,Mileage,Pass/Fail,Findings,Recommendations
V-2017-0007,J. Walters,2026-03-26,148950,Pass,"Brake pads + rotor replaced 03/19. Re-inspection confirms:
- new pads bedded in correctly
- rotor surface uniform
- no pull on hard stop from 40 mph
Vehicle returned to service.",Continue 90-day inspection cadence.
V-2017-0027,J. Walters,2026-03-31,94680,Pass,"Cooling system pressure-tested at 18 PSI for 30 min, held. Water pump replaced 03/22 under WO-2026-0015. No coolant odor at idle or under load.",Routine.
V-2019-0023,J. Walters,2026-02-09,71050,Pass,"Hydraulic coupler replaced 02/05. PTO cycled 25x with no weep at coupler or downstream lines.",
V-2018-0021,Diaz,2026-02-24,64100,Pass,"Defrost vent diagnosed: blower-motor squirrel cage was unbalanced on driver side. Replaced under warranty 02/20. Defrost now even left-to-right.",
V-2019-0031,B. Hassan,2026-04-05,83340,Pass,"Cargo door hinges tightened, bushings replaced 04/02. Door now sits flush; no drop when open.",
V-2022-0005,J. Walters,2026-03-23,41800,Pass,"DEF system flushed 03/19. New cap installed. No crystalline buildup at 4-day re-inspection.",
